Pname,Team,pos,pno,home,salary
Segura Jean,1,3,2,San Juan Dominican Republic,1
Corbin Patrick,1,6,46,Clay New York,1
Goldschmidt Paul,1,2,44,Wilminton Delaware,1
Herrmann Chris,1,1,10,Tomball Texas,1
Drury Brandon,1,3,27,Grants Pass Oregon,1
Gosselin Phil,1,3,23,West Chester Pennsylvania,1
Owings Chris,1,4,16,Charleston South Carolina,1
Tomas Yasmany,1,7,24,Havana Cuba,1
Castillo Welington,1,1,7,San Isidro Dominican Republic,1
Bourn Michael,1,8,1,Houston Texas,1
Peralta David,1,9,6,Valencia Venezuela,1
Lamb Jake,1,5,22,Seattle Washington,1
Pollock A.J.,1,8,11,Hebron Connecticut,1
Weeks Jr. Rickie,1,7,5,Dayton Florida,1
Haniger Mitch,1,9,19,Mountain View California,1
Ahmed Nick,1,4,13,Springfield Maryland,1
Greinke Zack,1,6,21,Orlando Florida,1
Jensen Kyle,1,2,29,Walnut Creek California,1
Ray Robbie,1,6,38,Brentwood Tennessee,1
Hernandez Oscar,1,1,28,Brentwood Tennessee,1
Brito Socrates,1,8,30,Brentwood Tennessee,1
Gosewisch Tuffy,1,1,8,Brentwood Tennessee,1
OBrien Peter,1,7,14,Brentwood Tennessee,1
Miller Shelby,1,6,26,Brentwood Tennessee,1
Shipley Braden,1,6,35,Brentwood Tennessee,1
Godley Zack,1,6,52,Brentwood Tennessee,1
De La Rosa Rubby,1,6,12,Brentwood Tennessee,1
Bradley Archie,1,6,25,Brentwood Tennessee,1
Bracho Silvino,1,6,61,Brentwood Tennessee,1
Buschmann Matt,1,6,45,Brentwood Tennessee,1
Campos Vicente,1,6,59,Brentwood Tennessee,1
Delgado Randall,1,6,48,Brentwood Tennessee,1
Escobar Edwin,1,6,43,Brentwood Tennessee,1
Freeman Mike,1,2,4,Brentwood Tennessee,1
Koch Matt,1,6,55,Brentwood Tennessee,1
Wagner Tyler,1,6,34,Brentwood Tennessee,1
Barrett Jake,1,6,33,Brentwood Tennessee,1
Burgos Enrique,1,6,36,Brentwood Tennessee,1
Chafin Andrew,1,6,40,Brentwood Tennessee,1
Clippard Tyler,1,6,19,Brentwood Tennessee,1
Collmenter Josh,1,6,55,Brentwood Tennessee,1
Curtis Zac,1,6,62,Brentwood Tennessee,1
Drabek Kyle,1,6,31,Brentwood Tennessee,1
Hathaway Steve,1,6,56,Brentwood Tennessee,1
Hessler Keith,1,6,56,Brentwood Tennessee,1
Hudson Daniel,1,6,41,Brentwood Tennessee,1
Leone Dominic,1,6,54,Brentwood Tennessee,1
Loewen Adam,1,6,58,Brentwood Tennessee,1
Marshall Evan,1,6,50,Brentwood Tennessee,1
Ziegler Brad,1,6,29,Brentwood Tennessee,1
Swanson Dansby,2,4,2,Brentwood Tennessee,1
Freeman Freddie,2,2,5,Brentwood Tennessee,1
Inciarte Ender,2,8,11,Brentwood Tennessee,1
Ruiz Rio,2,5,32,Brentwood Tennessee,1
Kemp Matt,2,9,27,Brentwood Tennessee,1
Recker Anthony,2,1,20,Brentwood Tennessee,1
Garcia Adonis,2,5,13,Brentwood Tennessee,1
Flowers Tyler,2,1,25,Brentwood Tennessee,1
Markakis Nick,2,9,22,Brentwood Tennessee,1
Peterson Jace,2,7,8,Brentwood Tennessee,1
Chacin Jhoulys,2,6,43,Brentwood Tennessee,1
Francoeur Jeff,2,7,18,Brentwood Tennessee,1
DArnaud Chase,2,4,23,Brentwood Tennessee,1
Aybar Erick,2,4,1,Brentwood Tennessee,1
Snyder Brandon,2,5,19,Brentwood Tennessee,1
Smith Mallex,2,8,17,Brentwood Tennessee,1
Stubbs Drew,2,8,2,Brentwood Tennessee,1
Pierzynski A.J.,2,1,15,Brentwood Tennessee,1
Beckham Gordon,2,3,7,Brentwood Tennessee,1
Johnson Kelly,2,3,24,Brentwood Tennessee,1
Bonifacio Emilio,2,8,64,Brentwood Tennessee,1
Olivera Hector,2,7,28,Brentwood Tennessee,1
Brignac Reid,2,5,4,Brentwood Tennessee,1
Teheran Julio,2,6,49,Brentwood Tennessee,1
Castro Daniel,2,4,14,Brentwood Tennessee,1
Whalen Rob,2,6,63,Brentwood Tennessee,1
De La Cruz Joel,2,6,60,Brentwood Tennessee,1
Norris Bud,2,6,20,Brentwood Tennessee,1
Lalli Blake,2,1,74,Brentwood Tennessee,1
Wisler Matt,2,6,37,Brentwood Tennessee,1
Foltynewicz Michael,2,6,26,Brentwood Tennessee,1
Blair Aaron,2,6,36,Brentwood Tennessee,1
Collmenter Josh,2,6,55,Brentwood Tennessee,1
Gant John,2,6,52,Brentwood Tennessee,1
Harrell Lucas,2,6,63,Brentwood Tennessee,1
Hernandez Roberto,2,6,32,Brentwood Tennessee,1
Jenkins Tyrell,2,6,61,Brentwood Tennessee,1
Johnson Jim,2,6,53,Brentwood Tennessee,1
Kelly Casey,2,6,55,Brentwood Tennessee,1
Krol Ian,2,6,46,Brentwood Tennessee,1
Perez Williams,2,6,57,Brentwood Tennessee,1
Tuiasosopo Matt,2,9,30,Brentwood Tennessee,1
Weber Ryan,2,6,48,Brentwood Tennessee,1
Alvarez Dario,2,6,39,Brentwood Tennessee,1
Bradley Jed,2,6,72,Brentwood Tennessee,1
Cabrera Mauricio,2,6,62,Brentwood Tennessee,1
Cervenka Hunter,2,6,54,Brentwood Tennessee,1
Cunniff Brandon,2,6,39,Brentwood Tennessee,1
Grilli Jason,2,6,39,Brentwood Tennessee,1
Hursh Jason,2,6,67,Brentwood Tennessee,1
Marksberry Matt,2,6,56,Brentwood Tennessee,1
OFlaherty Eric,2,6,34,Brentwood Tennessee,1
Ogando Alexi,2,6,40,Brentwood Tennessee,1
Ramirez Jose,2,6,36,Brentwood Tennessee,1
Roe Chaz,2,6,50,Brentwood Tennessee,1
Simmons Shae,2,6,68,Brentwood Tennessee,1
Vizcaino Arodys,2,6,38,Brentwood Tennessee,1
Winkler Daniel,2,6,58,Brentwood Tennessee,1
Withrow Chris,2,6,51,Brentwood Tennessee,1
Younginer IV Madison,2,6,54,Brentwood Tennessee,1
Gallardo Yovani,3,6,49,Brentwood Tennessee,1
Mancini Trey,3,7,67,Brentwood Tennessee,1
Alvarez Dariel,3,9,12,Brentwood Tennessee,1
Borbon Julio,3,8,29,Brentwood Tennessee,1
Kim Hyun Soo,3,7,25,Brentwood Tennessee,1
Machado Manny,3,5,13,Brentwood Tennessee,1
Bourn Michael,3,8,1,Brentwood Tennessee,1
Hardy J.J.,3,4,2,Brentwood Tennessee,1
Rickard Joey,3,9,23,Brentwood Tennessee,1
Schoop Jonathan,3,3,6,Brentwood Tennessee,1
Jones Adam,3,8,10,Brentwood Tennessee,1
Trumbo Mark,3,9,45,Brentwood Tennessee,1
Miley Wade,3,6,38,Brentwood Tennessee,1
Alvarez Pedro,3,11,24,Brentwood Tennessee,1
Wieters Matt,3,1,32,Brentwood Tennessee,1
Reimold Nolan,3,7,14,Brentwood Tennessee,1
Davis Chris,3,2,19,Brentwood Tennessee,1
Pearce Steve,3,7,28,Brentwood Tennessee,1
Flaherty Ryan,3,4,3,Brentwood Tennessee,1
Pena Francisco,3,1,27,Brentwood Tennessee,1
Janish Paul,3,4,15,Brentwood Tennessee,1
Joseph Caleb,3,1,36,Brentwood Tennessee,1
Stubbs Drew,3,8,18,Brentwood Tennessee,1
Bundy Dylan,3,6,37,Brentwood Tennessee,1
Drake Oliver,3,6,71,Brentwood Tennessee,1
Gausman Kevin,3,6,39,Brentwood Tennessee,1
Givens Mychal,3,6,60,Brentwood Tennessee,1
Hart Donnie,3,6,58,Brentwood Tennessee,1
Jimenez Ubaldo,3,6,31,Brentwood Tennessee,1
Tillman Chris,3,6,30,Brentwood Tennessee,1
Aquino Jayson,3,6,64,Brentwood Tennessee,1
Brach Brad,3,6,35,Brentwood Tennessee,1
Bridwell Parker,3,6,68,Brentwood Tennessee,1
Britton Zach,3,6,53,Brentwood Tennessee,1
Despaigne Odrisamer,3,6,43,Brentwood Tennessee,1
McFarland T.J.,3,6,66,Brentwood Tennessee,1
Ondrusek Logan,3,6,51,Brentwood Tennessee,1
Wilson Tyler,3,6,63,Brentwood Tennessee,1
Worley Vance,3,6,48,Brentwood Tennessee,1
Wright Mike,3,6,59,Brentwood Tennessee,1
Betts Mookie,4,9,50,Brentwood Tennessee,1
Pedroia Dustin,4,3,15,Brentwood Tennessee,1
Ortiz David,4,11,34,Brentwood Tennessee,1
Leon Sandy,4,1,3,Brentwood Tennessee,1
Benintendi Andrew,4,7,40,Brentwood Tennessee,1
Bogaerts Xander,4,4,2,Brentwood Tennessee,1
Hernandez Marco,4,3,41,Brentwood Tennessee,1
Ramirez Hanley,4,11,13,Brentwood Tennessee,1
Brentz Bryce,4,7,64,Brentwood Tennessee,1
Young Chris,4,7,30,Brentwood Tennessee,1
Bradley Jr. Jackie,4,8,25,Brentwood Tennessee,1
Rutledge Josh,4,5,32,Brentwood Tennessee,1
Swihart Blake,4,7,23,Brentwood Tennessee,1
Holt Brock,4,7,12,Brentwood Tennessee,1
Castillo Rusney,4,7,38,Brentwood Tennessee,1
Shaw Travis,4,5,47,Brentwood Tennessee,1
Vazquez Christian,4,1,7,Brentwood Tennessee,1
Hill Aaron,4,5,18,Brentwood Tennessee,1
Holaday Bryan,4,1,59,Brentwood Tennessee,1
Moncada Yoan,4,5,65,Brentwood Tennessee,1
Porcello Rick,4,6,22,Brentwood Tennessee,1
Hanigan Ryan,4,1,10,Brentwood Tennessee,1
Martinez Michael,4,3,40,Brentwood Tennessee,1
Marrero Deven,4,3,10,Brentwood Tennessee,1
Buchholz Clay,4,6,11,Brentwood Tennessee,1
LaMarre Ryan,4,8,65,Brentwood Tennessee,1
Miller Mike,4,4,40,Brentwood Tennessee,1
Pomeranz Drew,4,6,31,Brentwood Tennessee,1
Price David,4,6,24,Brentwood Tennessee,1
Rodriguez Eduardo,4,6,52,Brentwood Tennessee,1
Sandoval Pablo,4,5,48,Brentwood Tennessee,1
Wright Steven,4,6,35,Brentwood Tennessee,1
Abad Fernando,4,6,43,Brentwood Tennessee,1
Barnes Matt,4,6,68,Brentwood Tennessee,1
Elias Roenis,4,6,29,Brentwood Tennessee,1
Hembree Heath,4,6,37,Brentwood Tennessee,1
Kelly Joe,4,6,56,Brentwood Tennessee,1
Kimbrel Craid,4,6,46,Brentwood Tennessee,1
Light Pat,4,6,65,Brentwood Tennessee,1
Ross Jr. Robbie,4,6,28,Brentwood Tennessee,1
Tazawa Junichi,4,6,36,Brentwood Tennessee,1
Uehara Koji,4,6,19,Brentwood Tennessee,1
Ziegler Brad,4,6,29,Brentwood Tennessee,1
Kawasaki Munenori,5,4,66,Brentwood Tennessee,1
Bryant Kris,5,5,17,Brentwood Tennessee,1
Rizzo Anthony,5,2,44,Brentwood Tennessee,1
Kalish Ryan,5,7,51,Brentwood Tennessee,1
Contreras Wilson,5,1,40,Brentwood Tennessee,1
Almora Jr. Albert,5,8,5,Brentwood Tennessee,1
Fowler Dexter,5,8,24,Brentwood Tennessee,1
Baez Javier,5,3,9,Brentwood Tennessee,1
Zobrist Ben,5,3,18,Brentwood Tennessee,1
La Stella Tommy,5,5,2,Brentwood Tennessee,1
Arrieta Jake,5,6,49,Brentwood Tennessee,1
Szczur Matt,5,7,20,Brentwood Tennessee,1
Coghlan Chris,5,7,8,Brentwood Tennessee,1
Hammel Jason,5,6,39,Brentwood Tennessee,1
Russell Addison,5,4,27,Brentwood Tennessee,1
Soler Jorge,5,7,68,Brentwood Tennessee,1
Heyward Jason,5,9,22,Brentwood Tennessee,1
Ross David,5,1,3,Brentwood Tennessee,1
Montero Miguel,5,1,47,Brentwood Tennessee,1
Federowicz Tim,5,1,15,Brentwood Tennessee,1
Wood Travis,5,6,37,Brentwood Tennessee,1
Hendricks Kyle,5,6,28,Brentwood Tennessee,1
Cahill Trevor,5,6,53,Brentwood Tennessee,1
Lester Jon,5,6,34,Brentwood Tennessee,1
Lackey John,5,6,41,Brentwood Tennessee,1
Candelario Jeimer,5,5,7,Brentwood Tennessee,1
Montgomery Mike,5,6,38,Brentwood Tennessee,1
Buchanan Jake,5,6,43,Brentwood Tennessee,1
Edwards Jr. Carl,5,6,6,Brentwood Tennessee,1
Patton Spencer,5,6,40,Brentwood Tennessee,1
Peralta Joel,5,6,62,Brentwood Tennessee,1
Richard Clayton,5,6,33,Brentwood Tennessee,1
Rondon Hector,5,6,56,Brentwood Tennessee,1
Schwarber Kyle,5,7,12,Brentwood Tennessee,1
Strop Pedro,5,6,46,Brentwood Tennessee,1
Warren Adam,5,6,43,Brentwood Tennessee,1
Zastryzny Rob,5,6,29,Brentwood Tennessee,1
Chapman Aroldis,5,6,54,Brentwood Tennessee,1
Concepcion Gerardo,5,6,50,Brentwood Tennessee,1
Grimm Justin,5,6,52,Brentwood Tennessee,1
Matusz Brian,5,6,15,Brentwood Tennessee,1
Nathan Joe,5,6,36,Brentwood Tennessee,1
Pena Felix,5,6,60,Brentwood Tennessee,1
Ramirez Neil,5,6,54,Brentwood Tennessee,1
Smith Joe,5,6,30,Brentwood Tennessee,1
Albers Matt,6,6,34,Houston Texas,1
Davidson Matt,6,5,22,Yucaipa California,1
Tilson Charlie,6,8,24,Wilmette Illinois,1
Ranaudo Anthony,6,6,45,Freehold New Jersey,1
Cabrera Melky,6,7,53,Bajos de Haina Dominican Republic,1
Abreu Jose,6,2,79,Cruces Cuba,1
Eaton Adam,6,9,1,Springfield Ohio,1
Anderson Tim,6,4,12,Tuscaloosa Alabama,1
Saladino Tyler,6,3,18,San Diego California,1
Narvaez Omar,6,1,38,Maracay Venezuela,1
Morneau Justin,6,11,44,New Westminster Canada,1
Jackson Austin,6,8,10,Denton Texas,1
Shields James,6,6,25,Newhall California,1
Lawrie Brett,6,3,15,Langley Canada,1
Garcia Avisail,6,9,26,Anaco Edo Venezuela,1
Sands Jerry,6,2,41,Middletown New York,1
Garcia Leury,6,8,28,Santiago Dominican Republic,1
Frazier Todd,6,5,21,Point Pleasant New Jersey,1
Rollins Jimmy,6,4,7,Oakland California,1
Avila Alex,6,1,31,Hialeah Florida,1
Navarro Dioner,6,1,27,Caracas Venezuela,1
Sanchez Yolmer,6,3,5,Maracay Venezuela,1
Shuck J.B.,6,8,20,Westerville Ohio,1
Coats Jason,6,9,36,Dallas Texas,1
Sale Chris,6,6,49,Lakeland Florida,1
Sanchez Hector,6,1,29,Maracay Venezuela,1
Smith Kevan,6,1,61,Pittsburgh Pennsylvania,1
Gonzalez Miguel,6,6,58,Gudalajara Mexico,1
Latos Mat,6,6,38,Alexandria Virginia,1
Quintana Jose,6,6,62,Arjona Colombia,1
Rodon Carlos,6,6,55,Miami Florida,1
Beck Chris,6,6,54,Commerce Georgia,1
Duke Zach,6,6,33,Clifton Texas,1
Fulmer Carson,6,6,51,Lakeland Florida,1
Jennings Daniel,6,6,43,Berkeley California,1
Jones Nate,6,6,65,Butler Kentucky,1
Kahnle Tommy,6,6,48,Latham New York,1
Minaya Juan,6,6,67,Maimon Dominican Republic,1
Putnam Zach,6,6,57,Rochester Michigan,1
Robertson David,6,6,30,Birmingham Alabama,1
Smith Blake,6,6,68,Modesto California,1
Turner Jacob,6,6,29,St. Charles Missouri,1
Ynoa Michael,6,6,66,Puerto Plata Dominican Republic,1
Votto Joseph,7,2,19,Toronto Canada,1
Peraza Jose,7,3,9,Barinas Venezuela,1
Selsky Steven,7,9,51,Manhattan Beach California,1
Iribarren Hernan,7,8,33,Barquisimeto Venezuela,1
Phillips Brandon,7,3,4,Raleigh North Carolina,1
Bruce Jay,7,9,32,Beaumont Texas,1
Schebler Scott,7,9,43,Cedar Rapids Iowa,1
Hamilton Billy,7,8,6,Collins Mississippi,1
Barnhart Tucker,7,1,16,Indianapolis Indiana,1
De Jesus Jr. Ivan,7,4,3,Guaynabo Puerto Rico,1
Cozart Zachary,7,4,2,Memphis Tennessee,1
Suarez Eugenio,7,5,7,Puerto Ordaz Venezuela,1
Cabrera Ramon,7,1,37,Caracas Venezuela,1
Duvall Adam,7,7,23,Louisville Kentucky,1
Holt Tyler,7,8,40,Marion Indiana,1
Waldrop Kyle,7,9,44,Fort Myers Florida,1
Lorenzen Michael,7,6,21,Anaheim California,1
Adleman Tim,7,6,68,Staten Island New York,1
Renda Tony,7,3,49,Santa Rosa California,1
Smith Josh,7,6,73,Margate Florida,1
Pacheco Jordan,7,1,15,Albuquerque New Mexico,1
Mesoraco Devin,7,1,39,Punxsutawney Pennsylvania,1
DeSclafani Anthony,7,6,28,Freehold New Jersey,1
Finnegan Brandon,7,6,29,Fort Worth Texas,1
Bailey Homer,7,6,34,La Grange Texas,1
Iglesias Raisel,7,6,26,Isla de la Juventud Cuba,1
Simon Alfredo,7,6,31,Santiago Dominican Republic,1
Lamb John,7,6,47,La Palma California,1
Straily Daniel,7,6,58,Redlands California,1
Diaz Jose,7,6,70,La Romana Dominican Republic,1
Hayes Drew,7,6,53,McKenzie Tennessee,1
Kivlehan Patrick,7,7,67,Nyack New York,1
Lopez Rafael,7,1,31,Philadelphia Pennsylvania,1
Melville Tim,7,6,61,Alexandria Virginia,1
Morris A.J.,7,6,62,Houston Texas,1
Moscot Jon,7,6,46,Santa Monica California,1
Reed Cody,7,6,44,Memphis Tennessee,1
Sampson Keyvius,7,6,48,Gainesville Florida,1
Stephenson Robert,7,6,55,Martinez California,1
Wood Blake,7,6,36,Atlanta Georgia,1
Wright Daniel,7,6,41,Bartlett Tennessee,1
Cingrani Tony,7,6,52,New Lenox Illinois,1
Cotham Caleb,7,6,54,Mt. Juliet Tennessee,1
De Los Santos Abel,7,6,62,Puerto Plata Dominican Republic,1
Delabar Steve,7,6,56,Fort Knox Kentucky,1
Diaz Dayan,7,6,50,Cartagena Colombia,1
Hoover J.J.,7,6,60,Pittsburgh Pennsylvania,1
Magill Matt,7,6,60,Simi Valley California,1
Ohlendorf Ross,7,6,27,Austin Texas,1
Peralta Wandy,7,6,53,San Francisco de Macoris Dominican Republic,1
Ramirez J.C.,7,6,66,Managua Nicaragua,1
Somsen Layne,7,6,41,Yankton South Dakota,1
Tomlin J,8,6,41,Yankton South Dakota,1
Guyer B,8,7,41,Yankton South Dakota,1
Gonzalez E,8,4,41,Yankton South Dakota,1
Ramirez J,8,5,41,Yankton South Dakota,1
Lindor F,8,4,41,Yankton South Dakota,1
Naquin T,8,8,41,Yankton South Dakota,1
Chisenhall L,8,9,41,Yankton South Dakota,1
Kipnis J,8,3,41,Yankton South Dakota,1
Byrd M,8,9,41,Yankton South Dakota,1
Almonte A,8,7,41,Yankton South Dakota,1
Santana C,8,2,41,Yankton South Dakota,1
Kluber C,8,6,41,Yankton South Dakota,1
Davis R,8,8,41,Yankton South Dakota,1
Martinez M,8,3,41,Yankton South Dakota,1
Napoli M,8,2,41,Yankton South Dakota,1
Brantley M,8,7,41,Yankton South Dakota,1
Gimenez C,8,1,41,Yankton South Dakota,1
Crisp C,8,7,41,Yankton South Dakota,1
Uribe J,8,5,41,Yankton South Dakota,1
Perez R,8,1,41,Yankton South Dakota,1
Gomes Y,8,1,41,Yankton South Dakota,1
Cowgill C,8,9,41,Yankton South Dakota,1
Aguilar J,8,2,41,Yankton South Dakota,1
Bauer T,8,6,41,Yankton South Dakota,1
Clevinger M,8,6,41,Yankton South Dakota,1
Moore A,8,1,41,Yankton South Dakota,1
Salazar D,8,6,41,Yankton South Dakota,1
Allen C,8,6,41,Yankton South Dakota,1
Chamberlain J,8,6,41,Yankton South Dakota,1
Colon J,8,6,41,Yankton South Dakota,1
Crockett K,8,6,41,Yankton South Dakota,1
Gorzelanny T,8,6,41,Yankton South Dakota,1
Hunter T,8,6,41,Yankton South Dakota,1
Manship J,8,6,41,Yankton South Dakota,1
McAllister Z,8,6,41,Yankton South Dakota,1
Miller A,8,6,41,Yankton South Dakota,1
Otero D,8,6,41,Yankton South Dakota,1
Plutko A,8,6,41,Yankton South Dakota,1
Shaw B,8,6,41,Yankton South Dakota,1
Patterson J,9,9,41,Yankton South Dakota,1
LeMahieu D,9,3,41,Yankton South Dakota,1
Bergman C,9,6,41,Yankton South Dakota,1
Blackmon C,9,8,41,Yankton South Dakota,1
Dahl D,9,7,41,Yankton South Dakota,1
Gonzalez C,9,9,41,Yankton South Dakota,1
Arenado N,9,5,41,Yankton South Dakota,1
Reynolds M,9,2,41,Yankton South Dakota,1
Murphy T,9,1,41,Yankton South Dakota,1
Story T,9,4,41,Yankton South Dakota,1
Descalso D,9,2,41,Yankton South Dakota,1
Tapia R,9,8,41,Yankton South Dakota,1
Valaika P,9,5,41,Yankton South Dakota,1
Hundley N,9,1,41,Yankton South Dakota,1
Wolters T,9,1,41,Yankton South Dakota,1
Parra G,9,7,41,Yankton South Dakota,1
Garneau D,9,1,41,Yankton South Dakota,1
Barnes B,9,7,41,Yankton South Dakota,1
Raburn R,9,7,41,Yankton South Dakota,1
Adames C,9,4,41,Yankton South Dakota,1
Paulsen B,9,2,41,Yankton South Dakota,1
Cardullo S,9,10,41,Yankton South Dakota,1
Chatwood T,9,6,41,Yankton South Dakota,1
De La Rosa J,9,6,41,Yankton South Dakota,1
Rusin C,9,6,41,Yankton South Dakota,1
Gray J,9,6,41,Yankton South Dakota,1
Anderson T,9,6,41,Yankton South Dakota,1
Butler E,9,6,41,Yankton South Dakota,1
Bettis C,9,6,41,Yankton South Dakota,1
Germen G,9,6,41,Yankton South Dakota,1
Hoffman J,9,6,41,Yankton South Dakota,1
Lyles J,9,6,41,Yankton South Dakota,1
Marquez G,9,6,41,Yankton South Dakota,1
Miller J,9,6,41,Yankton South Dakota,1
Ynoa R,9,7,41,Yankton South Dakota,1
Carasiti M,9,6,41,Yankton South Dakota,1
Castro M,9,6,41,Yankton South Dakota,1
Estevez C,9,6,41,Yankton South Dakota,1
Flande Y,9,6,41,Yankton South Dakota,1
Gurka J,9,6,41,Yankton South Dakota,1
Hale D,9,6,41,Yankton South Dakota,1
Logan B,9,6,41,Yankton South Dakota,1
McGee J,9,6,41,Yankton South Dakota,1
Motte J,9,6,41,Yankton South Dakota,1
Oberg S,9,6,41,Yankton South Dakota,1
Ottavino A,9,6,41,Yankton South Dakota,1
Qualls C,9,6,41,Yankton South Dakota,1
Hicks J,10,2,41,Yankton South Dakota,1
Cabrera M,10,2,41,Yankton South Dakota,1
Maybin C,10,8,41,Yankton South Dakota,1
Martinez J,10,9,41,Yankton South Dakota,1
Martinez V,10,11,41,Yankton South Dakota,1
Kinsler I,10,3,41,Yankton South Dakota,1
Castellanos N,10,5,41,Yankton South Dakota,1
Moya S,10,9,41,Yankton South Dakota,1
Iglesias J,10,4,41,Yankton South Dakota,1
Aybar E,10,4,41,Yankton South Dakota,1
Zimmermann J,10,6,41,Yankton South Dakota,1
Upton J,10,7,41,Yankton South Dakota,1
Romine A,10,4,41,Yankton South Dakota,1
Collins T,10,9,41,Yankton South Dakota,1
McGehee C,10,5,41,Yankton South Dakota,1
McCann J,10,1,41,Yankton South Dakota,1
Jones J,10,8,41,Yankton South Dakota,1
Aviles M,10,4,41,Yankton South Dakota,1
Gose A,10,8,41,Yankton South Dakota,1
Presley A,10,7,41,Yankton South Dakota,1
Verlander J,10,6,41,Yankton South Dakota,1
Saltalamacchia J,10,1,41,Yankton South Dakota,1
Wilson B,10,1,41,Yankton South Dakota,1
Machado D,10,3,41,Yankton South Dakota,1
Fulmer M,10,6,41,Yankton South Dakota,1
Greene S,10,6,41,Yankton South Dakota,1
Norris D,10,6,41,Yankton South Dakota,1
Sanchez A,10,6,41,Yankton South Dakota,1
Kensing L,10,6,41,Yankton South Dakota,1
Lowe M,10,6,41,Yankton South Dakota,1
Rodriguez F,10,6,41,Yankton South Dakota,1
Rondon B,10,6,41,Yankton South Dakota,1
Ryan K,10,6,41,Yankton South Dakota,1
VerHagen D,10,6,41,Yankton South Dakota,1
Wilson A,10,6,41,Yankton South Dakota,1
Wilson J,10,6,41,Yankton South Dakota,1
Altuve J,11,3,41,Yankton South Dakota,1
McCullers Jr. L,11,6,41,Yankton South Dakota,1
Correa C,11,4,41,Yankton South Dakota,1
Bregman A,11,5,41,Yankton South Dakota,1
Gurriel Y,11,2,41,Yankton South Dakota,1
Springer G,11,9,41,Yankton South Dakota,1
Valbuena L,11,5,41,Yankton South Dakota,1
Gonzalez M,11,7,41,Yankton South Dakota,1
Gattis E,11,1,41,Yankton South Dakota,1
Hernandez T,11,7,41,Yankton South Dakota,1
White T,11,2,41,Yankton South Dakota,1
Kemp T,11,7,41,Yankton South Dakota,1
Gomez C,11,8,41,Yankton South Dakota,1
Castro J,11,1,41,Yankton South Dakota,1
Marisnick J,11,8,41,Yankton South Dakota,1
Rasmus C,11,7,41,Yankton South Dakota,1
Fister D,11,6,41,Yankton South Dakota,1
Worth D,11,3,41,Yankton South Dakota,1
Tucker P,11,7,41,Yankton South Dakota,1
Reed A,11,2,41,Yankton South Dakota,1
Moran C,11,5,41,Yankton South Dakota,1
Stassi M,11,1,41,Yankton South Dakota,1
Kratz E,11,1,41,Yankton South Dakota,1
Duffy M,11,5,41,Yankton South Dakota,1
Feldman S,11,6,41,Yankton South Dakota,1
Keuchel D,11,6,41,Yankton South Dakota,1
McHugh C,11,6,41,Yankton South Dakota,1
Devenski C,11,6,41,Yankton South Dakota,1
Feliz M,11,6,41,Yankton South Dakota,1
Fields J,11,6,41,Yankton South Dakota,1
Giles K,11,6,41,Yankton South Dakota,1
Gregerson L,11,6,41,Yankton South Dakota,1
Harris W,11,6,41,Yankton South Dakota,1
Hoyt J,11,6,41,Yankton South Dakota,1
Musgrove J,11,6,41,Yankton South Dakota,1
Neshek P,11,6,41,Yankton South Dakota,1
Peacock B,11,6,41,Yankton South Dakota,1
Sipp T,11,6,41,Yankton South Dakota,1
Ventura Y,12,6,41,Yankton South Dakota,1
Fuentes R,12,9,41,Yankton South Dakota,1
Orlando P,12,9,41,Yankton South Dakota,1
Cain L,12,8,41,Yankton South Dakota,1
Butera D,12,1,41,Yankton South Dakota,1
Merrifield W,12,3,41,Yankton South Dakota,1
Dyson J,12,8,41,Yankton South Dakota,1
Cuthbert C,12,5,41,Yankton South Dakota,1
Hosmer E,12,2,41,Yankton South Dakota,1
Morales K,12,11,41,Yankton South Dakota,1
Escobar A,12,4,41,Yankton South Dakota,1
Perez S,12,1,41,Yankton South Dakota,1
Burns B,12,8,41,Yankton South Dakota,1
Moustakas M,12,5,41,Yankton South Dakota,1
Infante O,12,3,41,Yankton South Dakota,1
Colon C,12,3,41,Yankton South Dakota,1
Eibner B,12,8,41,Yankton South Dakota,1
Gordon A,12,7,41,Yankton South Dakota,1
Dozier H,12,5,41,Yankton South Dakota,1
Duffy D,12,6,41,Yankton South Dakota,1
Mondesi R,12,3,41,Yankton South Dakota,1
Nava D,12,7,41,Yankton South Dakota,1
Cruz T,12,1,41,Yankton South Dakota,1
Gee D,12,6,41,Yankton South Dakota,1
Gore T,12,10,41,Yankton South Dakota,1
Kennedy I,12,6,41,Yankton South Dakota,1
Volquez E,12,6,41,Yankton South Dakota,1
Young C,12,6,41,Yankton South Dakota,1
Davis W,12,6,41,Yankton South Dakota,1
Flynn B,12,6,41,Yankton South Dakota,1
Herrera K,12,6,41,Yankton South Dakota,1
Hochevar L,12,6,41,Yankton South Dakota,1
Moylan P,12,6,41,Yankton South Dakota,1
Soria J,12,6,41,Yankton South Dakota,1
Strahm M,12,6,41,Yankton South Dakota,1
Wang C,12,6,41,Yankton South Dakota,1
Chacin J,13,6,41,Yankton South Dakota,1
Santiago H,13,6,41,Yankton South Dakota,1
Trout M,13,8,41,Yankton South Dakota,1
Escobar Y,13,5,41,Yankton South Dakota,1
Graterol J,13,1,41,Yankton South Dakota,1
Simmons A,13,4,41,Yankton South Dakota,1
Cron C,13,2,41,Yankton South Dakota,1
Calhoun K,13,9,41,Yankton South Dakota,1
Soto G,13,1,41,Yankton South Dakota,1
Pujols A,13,11,41,Yankton South Dakota,1
Giavotella J,13,3,41,Yankton South Dakota,1
Marte J,13,2,41,Yankton South Dakota,1
Petit G,13,3,41,Yankton South Dakota,1
Nava D,13,7,41,Yankton South Dakota,1
Bandy J,13,1,41,Yankton South Dakota,1
Ortega R,13,7,41,Yankton South Dakota,1
Pennington C,13,3,41,Yankton South Dakota,1
Perez C,13,1,41,Yankton South Dakota,1
Buss N,13,7,41,Yankton South Dakota,1
Cowart K,13,5,41,Yankton South Dakota,1
Robinson S,13,7,41,Yankton South Dakota,1
Choi J,13,2,41,Yankton South Dakota,1
Cunningham T,13,8,41,Yankton South Dakota,1
Gentry C,13,7,41,Yankton South Dakota,1
Ryan B,13,4,41,Yankton South Dakota,1
Alvarez J,13,6,41,Yankton South Dakota,1
Nolasco R,13,6,41,Yankton South Dakota,1
Shoemaker M,13,6,41,Yankton South Dakota,1
Tropeano N,13,6,41,Yankton South Dakota,1
Weaver J,13,6,41,Yankton South Dakota,1
Achter A,13,6,41,Yankton South Dakota,1
Bedrosian C,13,6,41,Yankton South Dakota,1
Guerra D,13,6,41,Yankton South Dakota,1
Guerra J,13,6,41,Yankton South Dakota,1
Mahle G,13,6,41,Yankton South Dakota,1
Morin M,13,6,41,Yankton South Dakota,1
Ramirez J,13,6,41,Yankton South Dakota,1
Rasmus C,13,6,41,Yankton South Dakota,1
Salas F,13,6,41,Yankton South Dakota,1
Smith J,13,6,41,Yankton South Dakota,1
Street H,13,6,41,Yankton South Dakota,1
Hatcher C,14,6,41,Yankton South Dakota,1
Toles A,14,7,41,Yankton South Dakota,1
Seager C,14,4,41,Yankton South Dakota,1
Culberson C,14,4,41,Yankton South Dakota,1
Gonzalez A,14,2,41,Yankton South Dakota,1
Ruiz C,14,1,41,Yankton South Dakota,1
Turner J,14,5,41,Yankton South Dakota,1
Norris B,14,6,41,Yankton South Dakota,1
Puig Y,14,9,41,Yankton South Dakota,1
Reddick J,14,9,41,Yankton South Dakota,1
Kendrick H,14,7,41,Yankton South Dakota,1
Utley C,14,3,41,Yankton South Dakota,1
Wood A,14,6,41,Yankton South Dakota,1
Pederson J,14,8,41,Yankton South Dakota,1
Segedin R,14,2,41,Yankton South Dakota,1
Grandal Y,14,1,41,Yankton South Dakota,1
Van Slyke S,14,7,41,Yankton South Dakota,1
Thompson T,14,7,41,Yankton South Dakota,1
Ethier A,14,9,41,Yankton South Dakota,1
Taylor C,14,5,41,Yankton South Dakota,1
Ellis A,14,1,41,Yankton South Dakota,1
Hernandez E,14,8,41,Yankton South Dakota,1
Crawford C,14,7,41,Yankton South Dakota,1
Kershaw C,14,6,41,Yankton South Dakota,1
Johnson M,14,3,41,Yankton South Dakota,1
Barnes A,14,1,41,Yankton South Dakota,1
Urias J,14,6,41,Yankton South Dakota,1
Maeda K,14,6,41,Yankton South Dakota,1
Kazmir S,14,6,41,Yankton South Dakota,1
Stewart B,14,6,41,Yankton South Dakota,1
Stripling R,14,6,41,Yankton South Dakota,1
Venable W,14,8,41,Yankton South Dakota,1
Anderson B,14,6,41,Yankton South Dakota,1
Baez P,14,6,41,Yankton South Dakota,1
Bolsinger M,14,6,41,Yankton South Dakota,1
Dayton G,14,6,41,Yankton South Dakota,1
De Leon J,14,6,41,Yankton South Dakota,1
Fields J,14,6,41,Yankton South Dakota,1
Frias C,14,6,41,Yankton South Dakota,1
Hill R,14,6,41,Yankton South Dakota,1
Howell J,14,6,41,Yankton South Dakota,1
McCarthy B,14,6,41,Yankton South Dakota,1
Ryu H,14,6,41,Yankton South Dakota,1
Tepesch N,14,6,41,Yankton South Dakota,1
Walters Z,14,7,41,Yankton South Dakota,1
Avilan L,14,6,41,Yankton South Dakota,1
Blanton J,14,6,41,Yankton South Dakota,1
Chavez J,14,6,41,Yankton South Dakota,1
Coleman L,14,6,41,Yankton South Dakota,1
Fien C,14,6,41,Yankton South Dakota,1
Garcia Y,14,6,41,Yankton South Dakota,1
Jansen K,14,6,41,Yankton South Dakota,1
Liberatore A,14,6,41,Yankton South Dakota,1
Ravin J,14,6,41,Yankton South Dakota,1
Tsao C,14,6,41,Yankton South Dakota,1
Ege C,15,6,41,Yankton South Dakota,1
Perez Y,15,4,41,Yankton South Dakota,1
Telis T,15,1,41,Yankton South Dakota,1
Prado M,15,5,41,Yankton South Dakota,1
Realmuto J,15,1,41,Yankton South Dakota,1
Yelich C,15,8,41,Yankton South Dakota,1
Andino R,15,3,41,Yankton South Dakota,1
Suzuki I,15,9,41,Yankton South Dakota,1
Francoeur J,15,7,41,Yankton South Dakota,1
Dietrich D,15,5,41,Yankton South Dakota,1
Gordon D,15,3,41,Yankton South Dakota,1
Ozuna M,15,7,41,Yankton South Dakota,1
Bour J,15,2,41,Yankton South Dakota,1
Fernandez J,15,6,41,Yankton South Dakota,1
Rojas M,15,5,41,Yankton South Dakota,1
Hood D,15,7,41,Yankton South Dakota,1
Stanton G,15,9,41,Yankton South Dakota,1
Mathis J,15,1,41,Yankton South Dakota,1
Hechavarria A,15,4,41,Yankton South Dakota,1
Gillespie C,15,8,41,Yankton South Dakota,1
Johnson C,15,2,41,Yankton South Dakota,1
Scruggs X,15,2,41,Yankton South Dakota,1
Esch J,15,6,41,Yankton South Dakota,1
Cashner A,15,6,41,Yankton South Dakota,1
Phelps D,15,6,41,Yankton South Dakota,1
Urena J,15,6,41,Yankton South Dakota,1
Cosart J,15,6,41,Yankton South Dakota,1
Kelly D,15,2,41,Yankton South Dakota,1
Conley A,15,6,41,Yankton South Dakota,1
Koehler T,15,6,41,Yankton South Dakota,1
Nicolino J,15,6,41,Yankton South Dakota,1
Arcia O,15,7,41,Yankton South Dakota,1
Barraclough K,15,6,41,Yankton South Dakota,1
Chen W,15,6,41,Yankton South Dakota,1
Clemens P,15,6,41,Yankton South Dakota,1
Ellington B,15,6,41,Yankton South Dakota,1
Flores K,15,6,41,Yankton South Dakota,1
McGowan D,15,6,41,Yankton South Dakota,1
Morris B,15,6,41,Yankton South Dakota,1
Narveson C,15,6,41,Yankton South Dakota,1
Breslow C,15,6,41,Yankton South Dakota,1
Brice A,15,6,41,Yankton South Dakota,1
Cervenka H,15,6,41,Yankton South Dakota,1
Despaigne O,15,6,41,Yankton South Dakota,1
Dunn M,15,6,41,Yankton South Dakota,1
Hall C,15,6,41,Yankton South Dakota,1
Jackson E,15,6,41,Yankton South Dakota,1
Ogando N,15,6,41,Yankton South Dakota,1
Ramos A,15,6,41,Yankton South Dakota,1
Rea C,15,6,41,Yankton South Dakota,1
Rodney F,15,6,41,Yankton South Dakota,1
Wittgren N,15,6,41,Yankton South Dakota,1
Braun R,16,7,41,Yankton South Dakota,1
Lucroy J,16,1,41,Yankton South Dakota,1
Villar J,16,3,41,Yankton South Dakota,1
Hill A,16,5,41,Yankton South Dakota,1
Perez H,16,7,41,Yankton South Dakota,1
Gennett S,16,3,41,Yankton South Dakota,1
Santana D,16,9,41,Yankton South Dakota,1
Pina M,16,1,41,Yankton South Dakota,1
Cravy T,16,6,41,Yankton South Dakota,1
Broxton K,16,8,41,Yankton South Dakota,1
Susac A,16,1,41,Yankton South Dakota,1
Guerra J,16,6,41,Yankton South Dakota,1
Carter C,16,2,41,Yankton South Dakota,1
Arcia O,16,4,41,Yankton South Dakota,1
Elmore J,16,7,41,Yankton South Dakota,1
Rivera Y,16,5,41,Yankton South Dakota,1
Nieuwenhuis K,16,8,41,Yankton South Dakota,1
Flores R,16,8,41,Yankton South Dakota,1
Maldonado M,16,1,41,Yankton South Dakota,1
Presley A,16,9,41,Yankton South Dakota,1
Reed M,16,8,41,Yankton South Dakota,1
Peralta W,16,6,41,Yankton South Dakota,1
Jungmann T,16,6,41,Yankton South Dakota,1
Wilkins A,16,9,41,Yankton South Dakota,1
Middlebrooks W,16,5,41,Yankton South Dakota,1
Davies Z,16,6,41,Yankton South Dakota,1
Anderson C,16,6,41,Yankton South Dakota,1
Walsh C,16,5,41,Yankton South Dakota,1
Nelson J,16,6,41,Yankton South Dakota,1
Garza M,16,6,41,Yankton South Dakota,1
Boyer B,16,6,41,Yankton South Dakota,1
Marinez J,16,6,41,Yankton South Dakota,1
Pinto J,16,1,41,Yankton South Dakota,1
Suter B,16,6,41,Yankton South Dakota,1
Barnes J,16,6,41,Yankton South Dakota,1
Blazek M,16,6,41,Yankton South Dakota,1
Capuano C,16,6,41,Yankton South Dakota,1
Freeman S,16,6,41,Yankton South Dakota,1
Goforth D,16,6,41,Yankton South Dakota,1
Jeffress J,16,6,41,Yankton South Dakota,1
Kirkman M,16,6,41,Yankton South Dakota,1
Knebel C,16,6,41,Yankton South Dakota,1
Magnifico D,16,6,41,Yankton South Dakota,1
Pena A,16,6,41,Yankton South Dakota,1
Ramirez N,16,6,41,Yankton South Dakota,1
Rowen B,16,6,41,Yankton South Dakota,1
Scahill R,16,6,41,Yankton South Dakota,1
Smith W,16,6,41,Yankton South Dakota,1
Thornburg T,16,6,41,Yankton South Dakota,1
Torres C,16,6,41,Yankton South Dakota,1
Berrios J,17,6,41,Yankton South Dakota,1
Milone T,17,6,41,Yankton South Dakota,1
Nunez E,17,4,41,Yankton South Dakota,1
Polanco J,17,4,41,Yankton South Dakota,1
Grossman R,17,11,41,Yankton South Dakota,1
Rosario E,17,7,41,Yankton South Dakota,1
Dozier B,17,3,41,Yankton South Dakota,1
Centeno J,17,1,41,Yankton South Dakota,1
Mauer J,17,2,41,Yankton South Dakota,1
Plouffe T,17,5,41,Yankton South Dakota,1
Suzuki K,17,1,41,Yankton South Dakota,1
Santana D,17,7,41,Yankton South Dakota,1
Schafer L,17,9,41,Yankton South Dakota,1
Escobar E,17,5,41,Yankton South Dakota,1
Sano M,17,5,41,Yankton South Dakota,1
Kepler M,17,9,41,Yankton South Dakota,1
Vargas K,17,2,41,Yankton South Dakota,1
Beresford J,17,5,41,Yankton South Dakota,1
Buxton B,17,8,41,Yankton South Dakota,1
Arcia O,17,7,41,Yankton South Dakota,1
Park B,17,11,41,Yankton South Dakota,1
Murphy J,17,1,41,Yankton South Dakota,1
Abad F,17,6,41,Yankton South Dakota,1
Duffey T,17,6,41,Yankton South Dakota,1
Gibson K,17,6,41,Yankton South Dakota,1
Hughes P,17,6,41,Yankton South Dakota,1
Mastroianni D,17,9,41,Yankton South Dakota,1
Nolasco R,17,6,41,Yankton South Dakota,1
ORourke R,17,6,41,Yankton South Dakota,1
Santana E,17,6,41,Yankton South Dakota,1
Tonkin M,17,6,41,Yankton South Dakota,1
Boshers B,17,6,41,Yankton South Dakota,1
Chargois J,17,6,41,Yankton South Dakota,1
Dean P,17,6,41,Yankton South Dakota,1
Fien C,17,6,41,Yankton South Dakota,1
Jepsen K,17,6,41,Yankton South Dakota,1
Kintzler B,17,6,41,Yankton South Dakota,1
Light P,17,6,41,Yankton South Dakota,1
May T,17,6,41,Yankton South Dakota,1
Pressly R,17,6,41,Yankton South Dakota,1
Rogers T,17,6,41,Yankton South Dakota,1
Wimmers A,17,6,41,Yankton South Dakota,1
Ruggiano J,18,8,41,Yankton South Dakota,1
Cecchini G,18,4,41,Yankton South Dakota,1
Rivera T,18,3,41,Yankton South Dakota,1
Walker N,18,3,41,Yankton South Dakota,1
Cabrera A,18,4,41,Yankton South Dakota,1
Cespedes Y,18,8,41,Yankton South Dakota,1
Nimmo B,18,7,41,Yankton South Dakota,1
Johnson K,18,5,41,Yankton South Dakota,1
Flores W,18,5,41,Yankton South Dakota,1
Reyes J,18,5,41,Yankton South Dakota,1
Loney J,18,2,41,Yankton South Dakota,1
DArnaud T,18,1,41,Yankton South Dakota,1
Kelly T,18,5,41,Yankton South Dakota,1
Lagares J,18,8,41,Yankton South Dakota,1
Granderson C,18,8,41,Yankton South Dakota,1
Duda L,18,2,41,Yankton South Dakota,1
Wright D,18,5,41,Yankton South Dakota,1
Reynolds M,18,4,41,Yankton South Dakota,1
Rivera R,18,1,41,Yankton South Dakota,1
Conforto M,18,7,41,Yankton South Dakota,1
Bruce J,18,9,41,Yankton South Dakota,1
De Aza A,18,8,41,Yankton South Dakota,1
Plawecki K,18,1,41,Yankton South Dakota,1
Syndergaard N,18,6,41,Yankton South Dakota,1
Lugo S,18,6,41,Yankton South Dakota,1
Campbell E,18,2,41,Yankton South Dakota,1
DeGrom J,18,6,41,Yankton South Dakota,1
Matz S,18,6,41,Yankton South Dakota,1
Harvey M,18,6,41,Yankton South Dakota,1
Colon B,18,6,41,Yankton South Dakota,1
Gsellman R,18,6,41,Yankton South Dakota,1
Verrett L,18,6,41,Yankton South Dakota,1
Blevins J,18,6,41,Yankton South Dakota,1
Montero R,18,6,41,Yankton South Dakota,1
Robles H,18,6,41,Yankton South Dakota,1
Smoker J,18,6,41,Yankton South Dakota,1
Ynoa G,18,6,41,Yankton South Dakota,1
Bastardo A,18,6,41,Yankton South Dakota,1
Edgin J,18,6,41,Yankton South Dakota,1
Familia J,18,6,41,Yankton South Dakota,1
Gilmartin S,18,6,41,Yankton South Dakota,1
Goeddel E,18,6,41,Yankton South Dakota,1
Henderson J,18,6,41,Yankton South Dakota,1
Niese J,18,6,41,Yankton South Dakota,1
Reed A,18,6,41,Yankton South Dakota,1
Salas F,18,6,41,Yankton South Dakota,1
Parmelee C,19,2,41,Yankton South Dakota,1
Butler B,19,11,41,Yankton South Dakota,1
Beltran C,19,9,41,Yankton South Dakota,1
Sanchez G,19,1,41,Yankton South Dakota,1
Williams M,19,9,41,Yankton South Dakota,1
Gregorius D,19,4,41,Yankton South Dakota,1
Castro S,19,3,41,Yankton South Dakota,1
Ellsbury J,19,8,41,Yankton South Dakota,1
Gardner B,19,7,41,Yankton South Dakota,1
Torreyes R,19,5,41,Yankton South Dakota,1
Headley C,19,5,41,Yankton South Dakota,1
Refsnyder R,19,2,41,Yankton South Dakota,1
McCann B,19,1,41,Yankton South Dakota,1
Romine A,19,1,41,Yankton South Dakota,1
Austin T,19,2,41,Yankton South Dakota,1
Solano D,19,5,41,Yankton South Dakota,1
Hicks A,19,7,41,Yankton South Dakota,1
Davis I,19,2,41,Yankton South Dakota,1
Teixeira M,19,2,41,Yankton South Dakota,1
Rodriguez A,19,11,41,Yankton South Dakota,1
Judge A,19,9,41,Yankton South Dakota,1
Ackley D,19,9,41,Yankton South Dakota,1
Gamel B,19,9,41,Yankton South Dakota,1
Eovaldi N,19,6,41,Yankton South Dakota,1
Green C,19,6,41,Yankton South Dakota,1
Nova I,19,6,41,Yankton South Dakota,1
Pineda M,19,6,41,Yankton South Dakota,1
Sabathia C,19,6,41,Yankton South Dakota,1
Tanaka M,19,6,41,Yankton South Dakota,1
Young Jr. E,19,7,41,Yankton South Dakota,1
Betances D,19,6,41,Yankton South Dakota,1
Bleier R,19,6,41,Yankton South Dakota,1
Chapman A,19,6,41,Yankton South Dakota,1
Clippard T,19,6,41,Yankton South Dakota,1
Coke P,19,6,41,Yankton South Dakota,1
Goody N,19,6,41,Yankton South Dakota,1
Miller A,19,6,41,Yankton South Dakota,1
Mullee C,19,6,41,Yankton South Dakota,1
Shreve C,19,6,41,Yankton South Dakota,1
Swarzak A,19,6,41,Yankton South Dakota,1
Warren A,19,6,41,Yankton South Dakota,1
Yates K,19,6,41,Yankton South Dakota,1
Healy R,20,5,41,Yankton South Dakota,1
Reddick J,20,9,41,Yankton South Dakota,1
Valencia D,20,5,41,Yankton South Dakota,1
Maxwell B,20,1,41,Yankton South Dakota,1
Butler B,20,11,41,Yankton South Dakota,1
Lowrie J,20,3,41,Yankton South Dakota,1
Wendle J,20,3,41,Yankton South Dakota,1
Phegley J,20,1,41,Yankton South Dakota,1
Alonso Y,20,2,41,Yankton South Dakota,1
Vogt S,20,1,41,Yankton South Dakota,1
Davis K,20,7,41,Yankton South Dakota,1
Smolinski J,20,8,41,Yankton South Dakota,1
Semien M,20,4,41,Yankton South Dakota,1
Pinder C,20,3,41,Yankton South Dakota,1
Crisp C,20,7,41,Yankton South Dakota,1
Burns B,20,8,41,Yankton South Dakota,1
Alcantara A,20,3,41,Yankton South Dakota,1
McBride M,20,1,41,Yankton South Dakota,1
Muncy M,20,3,41,Yankton South Dakota,1
Eibner B,20,9,41,Yankton South Dakota,1
Coghlan C,20,5,41,Yankton South Dakota,1
Nunez R,20,11,41,Yankton South Dakota,1
Canha M,20,2,41,Yankton South Dakota,1
Olson M,20,9,41,Yankton South Dakota,1
Ladendorf T,20,3,41,Yankton South Dakota,1
Detwiler R,20,6,41,Yankton South Dakota,1
Graveman K,20,6,41,Yankton South Dakota,1
Gray S,20,6,41,Yankton South Dakota,1
Hahn J,20,6,41,Yankton South Dakota,1
Lambo A,20,9,41,Yankton South Dakota,1
Madson R,20,6,41,Yankton South Dakota,1
Manaea S,20,6,41,Yankton South Dakota,1
Mengden D,20,6,41,Yankton South Dakota,1
Neal Z,20,6,41,Yankton South Dakota,1
Triggs A,20,6,41,Yankton South Dakota,1
Axford J,20,6,41,Yankton South Dakota,1
Coulombe D,20,6,41,Yankton South Dakota,1
Doolittle S,20,6,41,Yankton South Dakota,1
Dull R,20,6,41,Yankton South Dakota,1
Hendriks L,20,6,41,Yankton South Dakota,1
Rodriguez F,20,6,41,Yankton South Dakota,1
Rzepczynski M,20,6,41,Yankton South Dakota,1
Wendelken J,20,6,41,Yankton South Dakota,1
Ellis A,21,1,41,Yankton South Dakota,1
Hernandez C,21,3,41,Yankton South Dakota,1
Herrera O,21,8,41,Yankton South Dakota,1
Quinn R,21,7,41,Yankton South Dakota,1
Eflin Z,21,6,41,Yankton South Dakota,1
Ruiz C,21,1,41,Yankton South Dakota,1
Joseph T,21,2,41,Yankton South Dakota,1
Franco M,21,5,41,Yankton South Dakota,1
Blanco A,21,3,41,Yankton South Dakota,1
Rupp C,21,1,41,Yankton South Dakota,1
Bourjos P,21,9,41,Yankton South Dakota,1
Galvis F,21,4,41,Yankton South Dakota,1
Lough D,21,7,41,Yankton South Dakota,1
Paredes J,21,9,41,Yankton South Dakota,1
Asche C,21,7,41,Yankton South Dakota,1
Ruf D,21,2,41,Yankton South Dakota,1
Velasquez V,21,6,41,Yankton South Dakota,1
Altherr A,21,9,41,Yankton South Dakota,1
Howard R,21,2,41,Yankton South Dakota,1
Goeddel T,21,7,41,Yankton South Dakota,1
Hellickson J,21,6,41,Yankton South Dakota,1
Morton C,21,6,41,Yankton South Dakota,1
Oberholtzer B,21,6,41,Yankton South Dakota,1
Thompson J,21,6,41,Yankton South Dakota,1
Eickhoff J,21,6,41,Yankton South Dakota,1
Alfaro J,21,1,41,Yankton South Dakota,1
Featherston T,21,3,41,Yankton South Dakota,1
Burriss E,21,3,41,Yankton South Dakota,1
Morgan A,21,6,41,Yankton South Dakota,1
Asher A,21,6,41,Yankton South Dakota,1
Hunter C,21,7,41,Yankton South Dakota,1
Nola A,21,6,41,Yankton South Dakota,1
Gonzalez S,21,6,41,Yankton South Dakota,1
Herrmann F,21,6,41,Yankton South Dakota,1
Klein P,21,6,41,Yankton South Dakota,1
Murray C,21,6,41,Yankton South Dakota,1
Araujo E,21,6,41,Yankton South Dakota,1
Bailey A,21,6,41,Yankton South Dakota,1
Garcia L,21,6,41,Yankton South Dakota,1
Gomez J,21,6,41,Yankton South Dakota,1
Hernandez D,21,6,41,Yankton South Dakota,1
Hinojosa D,21,6,41,Yankton South Dakota,1
Mariot M,21,6,41,Yankton South Dakota,1
Neris H,21,6,41,Yankton South Dakota,1
Ramos E,21,6,41,Yankton South Dakota,1
Rodriguez J,21,6,41,Yankton South Dakota,1
Russell J,21,6,41,Yankton South Dakota,1
Schuster P,21,6,41,Yankton South Dakota,1
Stumpf D,21,6,41,Yankton South Dakota,1
Stallings J,22,1,41,Yankton South Dakota,1
Boscan W,22,6,41,Yankton South Dakota,1
Marte S,22,7,41,Yankton South Dakota,1
Frazier A,22,7,41,Yankton South Dakota,1
Liriano F,22,6,41,Yankton South Dakota,1
Harrison J,22,3,41,Yankton South Dakota,1
Bell J,22,2,41,Yankton South Dakota,1
Freese D,22,5,41,Yankton South Dakota,1
Rodriguez S,22,2,41,Yankton South Dakota,1
Jaso J,22,9,41,Yankton South Dakota,1
Cervelli F,22,1,41,Yankton South Dakota,1
Polanco G,22,7,41,Yankton South Dakota,1
Mercer J,22,4,41,Yankton South Dakota,1
McCutchen A,22,8,41,Yankton South Dakota,1
Kang J,22,5,41,Yankton South Dakota,1
Brault S,22,6,41,Yankton South Dakota,1
Joyce M,22,9,41,Yankton South Dakota,1
Hanson A,22,3,41,Yankton South Dakota,1
Fryer E,22,1,41,Yankton South Dakota,1
Stewart C,22,1,41,Yankton South Dakota,1
Florimon P,22,5,41,Yankton South Dakota,1
Cole G,22,6,41,Yankton South Dakota,1
Nicasio J,22,6,41,Yankton South Dakota,1
Figueroa C,22,3,41,Yankton South Dakota,1
Glasnow T,22,6,41,Yankton South Dakota,1
Nova I,22,6,41,Yankton South Dakota,1
Locke J,22,6,41,Yankton South Dakota,1
Kratz E,22,1,41,Yankton South Dakota,1
Niese J,22,6,41,Yankton South Dakota,1
Taillon J,22,6,41,Yankton South Dakota,1
Kuhl C,22,6,41,Yankton South Dakota,1
Rogers J,22,2,41,Yankton South Dakota,1
Vogelsong R,22,6,41,Yankton South Dakota,1
Caminero A,22,6,41,Yankton South Dakota,1
Diaz E,22,1,41,Yankton South Dakota,1
Hughes J,22,6,41,Yankton South Dakota,1
Hutchison D,22,6,41,Yankton South Dakota,1
LeBlanc W,22,6,41,Yankton South Dakota,1
Lobstein K,22,6,41,Yankton South Dakota,1
Moroff M,22,3,41,Yankton South Dakota,1
Morse M,22,2,41,Yankton South Dakota,1
Scahill R,22,6,41,Yankton South Dakota,1
Schugel A,22,6,41,Yankton South Dakota,1
Williams T,22,6,41,Yankton South Dakota,1
Bastardo A,22,6,41,Yankton South Dakota,1
Coke P,22,6,41,Yankton South Dakota,1
Feliz N,22,6,41,Yankton South Dakota,1
Luebke C,22,6,41,Yankton South Dakota,1
Marte K,22,6,41,Yankton South Dakota,1
Melancon M,22,6,41,Yankton South Dakota,1
Partch C,22,6,41,Yankton South Dakota,1
Phillips Z,22,6,41,Yankton South Dakota,1
Rivero F,22,6,41,Yankton South Dakota,1
Rondon J,22,6,41,Yankton South Dakota,1
Watson T,22,6,41,Yankton South Dakota,1
Renfroe H,23,9,41,Yankton South Dakota,1
Jay J,23,8,41,Yankton South Dakota,1
Sardinas L,23,5,41,Yankton South Dakota,1
Solarte Y,23,3,41,Yankton South Dakota,1
Sanchez H,23,2,41,Yankton South Dakota,1
Kemp M,23,9,41,Yankton South Dakota,1
Myers W,23,2,41,Yankton South Dakota,1
Amarista A,23,5,41,Yankton South Dakota,1
Dickerson A,23,7,41,Yankton South Dakota,1
Upton Jr. M,23,7,41,Yankton South Dakota,1
Kivlehan P,23,7,41,Yankton South Dakota,1
Jankowski T,23,8,41,Yankton South Dakota,1
Margot M,23,8,41,Yankton South Dakota,1
Ramirez A,23,4,41,Yankton South Dakota,1
Spangenberg C,23,3,41,Yankton South Dakota,1
Rosales A,23,5,41,Yankton South Dakota,1
Bethancourt C,23,1,41,Yankton South Dakota,1
Jackson E,23,6,41,Yankton South Dakota,1
Schimpf R,23,5,41,Yankton South Dakota,1
Asuaje C,23,3,41,Yankton South Dakota,1
Wallace B,23,5,41,Yankton South Dakota,1
Norris D,23,1,41,Yankton South Dakota,1
Shields J,23,6,41,Yankton South Dakota,1
Blash J,23,9,41,Yankton South Dakota,1
Cashner A,23,6,41,Yankton South Dakota,1
Noonan N,23,4,41,Yankton South Dakota,1
Pirela J,23,7,41,Yankton South Dakota,1
Pomeranz D,23,6,41,Yankton South Dakota,1
Weeks J,23,3,41,Yankton South Dakota,1
Perdomo L,23,6,41,Yankton South Dakota,1
Hedges A,23,1,41,Yankton South Dakota,1
Rea C,23,6,41,Yankton South Dakota,1
Rondon J,23,4,41,Yankton South Dakota,1
Arcia O,23,7,41,Yankton South Dakota,1
Cosart J,23,6,41,Yankton South Dakota,1
Richard C,23,6,41,Yankton South Dakota,1
Friedrich C,23,6,41,Yankton South Dakota,1
Clemens P,23,6,41,Yankton South Dakota,1
Erlin R,23,6,41,Yankton South Dakota,1
Hand B,23,6,41,Yankton South Dakota,1
Johnson E,23,6,41,Yankton South Dakota,1
Ross T,23,6,41,Yankton South Dakota,1
Vargas C,23,6,41,Yankton South Dakota,1
Villanueva C,23,6,41,Yankton South Dakota,1
Baumann B,23,6,41,Yankton South Dakota,1
Buchter R,23,6,41,Yankton South Dakota,1
Campos L,23,6,41,Yankton South Dakota,1
Dominguez J,23,6,41,Yankton South Dakota,1
Guerrero T,23,6,41,Yankton South Dakota,1
Hessler K,23,6,41,Yankton South Dakota,1
Kirkman M,23,6,41,Yankton South Dakota,1
Maurer B,23,6,41,Yankton South Dakota,1
Morrow B,23,6,41,Yankton South Dakota,1
Quackenbush K,23,6,41,Yankton South Dakota,1
Rodney F,23,6,41,Yankton South Dakota,1
Smith J,23,6,41,Yankton South Dakota,1
Thornton M,23,6,41,Yankton South Dakota,1
Torres J,23,6,41,Yankton South Dakota,1
Gearrin C,24,6,41,Yankton South Dakota,1
Blach T,24,6,41,Yankton South Dakota,1
Pena R,24,3,41,Yankton South Dakota,1
Tomlinson K,24,3,41,Yankton South Dakota,1
Pence H,24,9,41,Yankton South Dakota,1
Posey B,24,1,41,Yankton South Dakota,1
Pagan A,24,7,41,Yankton South Dakota,1
Belt B,24,2,41,Yankton South Dakota,1
Crawford B,24,4,41,Yankton South Dakota,1
Nunez E,24,5,41,Yankton South Dakota,1
Span D,24,8,41,Yankton South Dakota,1
Gillaspie C,24,5,41,Yankton South Dakota,1
Green G,24,3,41,Yankton South Dakota,1
Hernandez G,24,7,41,Yankton South Dakota,1
Adrianza E,24,4,41,Yankton South Dakota,1
Duffy M,24,5,41,Yankton South Dakota,1
Panik J,24,3,41,Yankton South Dakota,1
Brown T,24,1,41,Yankton South Dakota,1
Parker J,24,9,41,Yankton South Dakota,1
Blanco G,24,9,41,Yankton South Dakota,1
Williamson M,24,9,41,Yankton South Dakota,1
Suarez A,24,6,41,Yankton South Dakota,1
Bumgarner M,24,6,41,Yankton South Dakota,1
Peavy J,24,6,41,Yankton South Dakota,1
Samardzija J,24,6,41,Yankton South Dakota,1
Tejada R,24,4,41,Yankton South Dakota,1
Cueto J,24,6,41,Yankton South Dakota,1
Cain M,24,6,41,Yankton South Dakota,1
Moore M,24,6,41,Yankton South Dakota,1
Beckham G,24,3,41,Yankton South Dakota,1
Law D,24,6,41,Yankton South Dakota,1
Lopez J,24,6,41,Yankton South Dakota,1
Mazzaro V,24,6,41,Yankton South Dakota,1
Okert S,24,6,41,Yankton South Dakota,1
Stratton C,24,6,41,Yankton South Dakota,1
Broadway M,24,6,41,Yankton South Dakota,1
Casilla S,24,6,41,Yankton South Dakota,1
Heston C,24,6,41,Yankton South Dakota,1
Kontos G,24,6,41,Yankton South Dakota,1
Nathan J,24,6,41,Yankton South Dakota,1
Osich J,24,6,41,Yankton South Dakota,1
Reynolds M,24,6,41,Yankton South Dakota,1
Romo S,24,6,41,Yankton South Dakota,1
Smith W,24,6,41,Yankton South Dakota,1
Strickland H,24,6,41,Yankton South Dakota,1
Sucre J,25,1,41,Yankton South Dakota,1
Freeman M,25,3,41,Yankton South Dakota,1
Taylor C,25,4,41,Yankton South Dakota,1
Cano R,25,3,41,Yankton South Dakota,1
Cruz N,25,11,41,Yankton South Dakota,1
Aoki N,25,7,41,Yankton South Dakota,1
Seager K,25,5,41,Yankton South Dakota,1
Robertson D,25,7,41,Yankton South Dakota,1
Marte K,25,4,41,Yankton South Dakota,1
Lee D,25,2,41,Yankton South Dakota,1
Heredia G,25,7,41,Yankton South Dakota,1
Smith S,25,9,41,Yankton South Dakota,1
Martin L,25,8,41,Yankton South Dakota,1
Gutierrez F,25,9,41,Yankton South Dakota,1
Lind A,25,2,41,Yankton South Dakota,1
Romero S,25,9,41,Yankton South Dakota,1
OMalley S,25,4,41,Yankton South Dakota,1
Clevenger S,25,1,41,Yankton South Dakota,1
Iannetta C,25,1,41,Yankton South Dakota,1
Zunino M,25,1,41,Yankton South Dakota,1
Gamel B,25,9,41,Yankton South Dakota,1
Sardinas L,25,3,41,Yankton South Dakota,1
Miley W,25,6,41,Yankton South Dakota,1
Vogelbach D,25,2,41,Yankton South Dakota,1
Diaz E,25,6,41,Yankton South Dakota,1
Hernandez F,25,6,41,Yankton South Dakota,1
Iwakuma H,25,6,41,Yankton South Dakota,1
Karns N,25,6,41,Yankton South Dakota,1
Paxton J,25,6,41,Yankton South Dakota,1
Peralta J,25,6,41,Yankton South Dakota,1
Benoit J,25,6,41,Yankton South Dakota,1
Cishek S,25,6,41,Yankton South Dakota,1
Johnson S,25,6,41,Yankton South Dakota,1
Martin C,25,6,41,Yankton South Dakota,1
Montgomery M,25,6,41,Yankton South Dakota,1
Nuno V,25,6,41,Yankton South Dakota,1
Rollins D,25,6,41,Yankton South Dakota,1
Storen D,25,6,41,Yankton South Dakota,1
Vincent N,25,6,41,Yankton South Dakota,1
Wilhelmsen T,25,6,41,Yankton South Dakota,1
Martinez J,26,2,41,Yankton South Dakota,1
Weaver L,26,6,41,Yankton South Dakota,1
Fryer E,26,1,41,Yankton South Dakota,1
Molina Y,26,1,41,Yankton South Dakota,1
Diaz A,26,4,41,Yankton South Dakota,1
Garcia G,26,5,41,Yankton South Dakota,1
Piscotty S,26,9,41,Yankton South Dakota,1
Carpenter M,26,2,41,Yankton South Dakota,1
Peralta J,26,5,41,Yankton South Dakota,1
Adams M,26,7,41,Yankton South Dakota,1
Holliday M,26,7,41,Yankton South Dakota,1
Gyorko J,26,5,41,Yankton South Dakota,1
Grichuk R,26,7,41,Yankton South Dakota,1
Wong K,26,3,41,Yankton South Dakota,1
Martinez C,26,6,41,Yankton South Dakota,1
Hazelbaker J,26,7,41,Yankton South Dakota,1
Pham T,26,8,41,Yankton South Dakota,1
Moss B,26,2,41,Yankton South Dakota,1
Wainwright A,26,6,41,Yankton South Dakota,1
Rosario A,26,1,41,Yankton South Dakota,1
Tejada R,26,4,41,Yankton South Dakota,1
Garcia J,26,6,41,Yankton South Dakota,1
Kelly C,26,1,41,Yankton South Dakota,1
Pena B,26,1,41,Yankton South Dakota,1
Leake M,26,6,41,Yankton South Dakota,1
Reyes A,26,6,41,Yankton South Dakota,1
Wacha M,26,6,41,Yankton South Dakota,1
Bowman M,26,6,41,Yankton South Dakota,1
Kiekhefer D,26,6,41,Yankton South Dakota,1
Lyons T,26,6,41,Yankton South Dakota,1
Maness S,26,6,41,Yankton South Dakota,1
McKenry M,26,1,41,Yankton South Dakota,1
Oh S,26,6,41,Yankton South Dakota,1
Rosenthal T,26,6,41,Yankton South Dakota,1
Williams J,26,6,41,Yankton South Dakota,1
Broxton J,26,6,41,Yankton South Dakota,1
Duke Z,26,6,41,Yankton South Dakota,1
Mayers M,26,6,41,Yankton South Dakota,1
Siegrist K,26,6,41,Yankton South Dakota,1
Socolovich M,26,6,41,Yankton South Dakota,1
Tuivailala S,26,6,41,Yankton South Dakota,1
Pearce S,27,2,41,Yankton South Dakota,1
Moore M,27,6,41,Yankton South Dakota,1
Duffy M,27,4,41,Yankton South Dakota,1
Longoria E,27,5,41,Yankton South Dakota,1
Franklin N,27,7,41,Yankton South Dakota,1
Forsythe L,27,3,41,Yankton South Dakota,1
Arcia O,27,7,41,Yankton South Dakota,1
Odorizzi J,27,6,41,Yankton South Dakota,1
Shaffer R,27,5,41,Yankton South Dakota,1
Beckham T,27,4,41,Yankton South Dakota,1
Souza Jr. S,27,9,41,Yankton South Dakota,1
Kiermaier K,27,8,41,Yankton South Dakota,1
Ramirez A,27,4,41,Yankton South Dakota,1
Dickerson C,27,7,41,Yankton South Dakota,1
Miller B,27,3,41,Yankton South Dakota,1
Guyer B,27,7,41,Yankton South Dakota,1
Morrison L,27,2,41,Yankton South Dakota,1
Wilson B,27,1,41,Yankton South Dakota,1
Maile L,27,1,41,Yankton South Dakota,1
Jennings D,27,7,41,Yankton South Dakota,1
Mahtook M,27,7,41,Yankton South Dakota,1
Conger H,27,1,41,Yankton South Dakota,1
Motter T,27,4,41,Yankton South Dakota,1
Casali C,27,1,41,Yankton South Dakota,1
Decker J,27,8,41,Yankton South Dakota,1
Querecuto J,27,5,41,Yankton South Dakota,1
Andriese M,27,6,41,Yankton South Dakota,1
Archer C,27,6,41,Yankton South Dakota,1
Smyly D,27,6,41,Yankton South Dakota,1
Snell B,27,6,41,Yankton South Dakota,1
Cedeno X,27,6,41,Yankton South Dakota,1
Colome A,27,6,41,Yankton South Dakota,1
Eveland D,27,6,41,Yankton South Dakota,1
Floro D,27,6,41,Yankton South Dakota,1
Garton R,27,6,41,Yankton South Dakota,1
Jepsen K,27,6,41,Yankton South Dakota,1
Ramirez E,27,6,41,Yankton South Dakota,1
Romero E,27,6,41,Yankton South Dakota,1
Sturdevant T,27,6,41,Yankton South Dakota,1
Holland D,28,6,41,Yankton South Dakota,1
Darvish Y,28,6,41,Yankton South Dakota,1
Perez M,28,6,41,Yankton South Dakota,1
Andrus E,28,4,41,Yankton South Dakota,1
Beltre A,28,5,41,Yankton South Dakota,1
Stubbs D,28,8,41,Yankton South Dakota,1
Desmond I,28,8,41,Yankton South Dakota,1
Gomez C,28,8,41,Yankton South Dakota,1
Beltran C,28,11,41,Yankton South Dakota,1
Lucroy J,28,1,41,Yankton South Dakota,1
Nicholas B,28,1,41,Yankton South Dakota,1
Odor R,28,3,41,Yankton South Dakota,1
Mazara N,28,9,41,Yankton South Dakota,1
Rua R,28,7,41,Yankton South Dakota,1
Ruggiano J,28,9,41,Yankton South Dakota,1
Wilson B,28,1,41,Yankton South Dakota,1
Choo S,28,9,41,Yankton South Dakota,1
Profar J,28,7,41,Yankton South Dakota,1
Holaday B,28,1,41,Yankton South Dakota,1
Moreland M,28,2,41,Yankton South Dakota,1
Chirinos R,28,1,41,Yankton South Dakota,1
Hoying J,28,8,41,Yankton South Dakota,1
Fielder P,28,11,41,Yankton South Dakota,1
DeShields D,28,7,41,Yankton South Dakota,1
Alberto H,28,4,41,Yankton South Dakota,1
Hamels C,28,6,41,Yankton South Dakota,1
Gallo J,28,5,41,Yankton South Dakota,1
Griffin A,28,6,41,Yankton South Dakota,1
Martinez N,28,6,41,Yankton South Dakota,1
Tolleson S,28,6,41,Yankton South Dakota,1
Alvarez D,28,6,41,Yankton South Dakota,1
Barnette T,28,6,41,Yankton South Dakota,1
Bush M,28,6,41,Yankton South Dakota,1
Claudio A,28,6,41,Yankton South Dakota,1
Diekman J,28,6,41,Yankton South Dakota,1
Dyson S,28,6,41,Yankton South Dakota,1
Jeffress J,28,6,41,Yankton South Dakota,1
Kela K,28,6,41,Yankton South Dakota,1
Leclerc J,28,6,41,Yankton South Dakota,1
Ramos C,28,6,41,Yankton South Dakota,1
Travis D,29,3,41,Yankton South Dakota,1
Happ J,29,6,41,Yankton South Dakota,1
Donaldson J,29,5,41,Yankton South Dakota,1
Barney D,29,3,41,Yankton South Dakota,1
Paredes J,29,5,41,Yankton South Dakota,1
Pillar K,29,8,41,Yankton South Dakota,1
Encarnacion E,29,11,41,Yankton South Dakota,1
Tulowitzki T,29,4,41,Yankton South Dakota,1
Saunders M,29,7,41,Yankton South Dakota,1
Carrera E,29,7,41,Yankton South Dakota,1
Bautista J,29,9,41,Yankton South Dakota,1
Martin R,29,1,41,Yankton South Dakota,1
Smoak J,29,2,41,Yankton South Dakota,1
Lake J,29,9,41,Yankton South Dakota,1
Upton Jr. M,29,7,41,Yankton South Dakota,1
Goins R,29,4,41,Yankton South Dakota,1
Navarro D,29,1,41,Yankton South Dakota,1
Thole J,29,1,41,Yankton South Dakota,1
Ceciliani D,29,7,41,Yankton South Dakota,1
Colabello C,29,2,41,Yankton South Dakota,1
Burns A,29,3,41,Yankton South Dakota,1
Dickey R,29,6,41,Yankton South Dakota,1
Dominguez M,29,5,41,Yankton South Dakota,1
Estrada M,29,6,41,Yankton South Dakota,1
Floyd G,29,6,41,Yankton South Dakota,1
Pompey D,29,8,41,Yankton South Dakota,1
Sanchez A,29,6,41,Yankton South Dakota,1
Stroman M,29,6,41,Yankton South Dakota,1
Benoit J,29,6,41,Yankton South Dakota,1
Biagini J,29,6,41,Yankton South Dakota,1
Cecil B,29,6,41,Yankton South Dakota,1
Chavez J,29,6,41,Yankton South Dakota,1
Girodo C,29,6,41,Yankton South Dakota,1
Grilli J,29,6,41,Yankton South Dakota,1
Morales F,29,6,41,Yankton South Dakota,1
Osuna R,29,6,41,Yankton South Dakota,1
Storen D,29,6,41,Yankton South Dakota,1
Tepera R,29,6,41,Yankton South Dakota,1
Perez O,30,6,41,Yankton South Dakota,1
Murphy D,30,3,41,Yankton South Dakota,1
Turner T,30,4,41,Yankton South Dakota,1
Latos M,30,6,41,Yankton South Dakota,1
Severino P,30,1,41,Yankton South Dakota,1
Ramos W,30,1,41,Yankton South Dakota,1
Goodwin B,30,9,41,Yankton South Dakota,1
Difo W,30,4,41,Yankton South Dakota,1
Rendon A,30,5,41,Yankton South Dakota,1
Drew S,30,3,41,Yankton South Dakota,1
Giolito L,30,6,41,Yankton South Dakota,1
Ross J,30,6,41,Yankton South Dakota,1
Werth J,30,7,41,Yankton South Dakota,1
Harper B,30,9,41,Yankton South Dakota,1
Robinson C,30,2,41,Yankton South Dakota,1
Lobaton J,30,1,41,Yankton South Dakota,1
Taylor M,30,8,41,Yankton South Dakota,1
Zimmerman R,30,2,41,Yankton South Dakota,1
Revere B,30,8,41,Yankton South Dakota,1
Heisey C,30,7,41,Yankton South Dakota,1
Espinosa D,30,4,41,Yankton South Dakota,1
Strasburg S,30,6,41,Yankton South Dakota,1
Scherzer M,30,6,41,Yankton South Dakota,1
Den Dekker M,30,8,41,Yankton South Dakota,1
Petit Y,30,6,41,Yankton South Dakota,1
Gonzalez G,30,6,41,Yankton South Dakota,1
Roark T,30,6,41,Yankton South Dakota,1
Lopez R,30,6,41,Yankton South Dakota,1
Belisle M,30,6,41,Yankton South Dakota,1
Cole A,30,6,41,Yankton South Dakota,1
Kelley S,30,6,41,Yankton South Dakota,1
Rivero F,30,6,41,Yankton South Dakota,1
Solis S,30,6,41,Yankton South Dakota,1
Burnett S,30,6,41,Yankton South Dakota,1
Glover K,30,6,41,Yankton South Dakota,1
Gott T,30,6,41,Yankton South Dakota,1
Grace M,30,6,41,Yankton South Dakota,1
Kieboom S,30,1,41,Yankton South Dakota,1
Martin R,30,6,41,Yankton South Dakota,1
Melancon M,30,6,41,Yankton South Dakota,1
Papelbon J,30,6,41,Yankton South Dakota,1
Rzepczynski M,30,6,41,Yankton South Dakota,1
Treinen B,30,6,41,Yankton South Dakota,1
